{
	"schemaVersion": 1,
	"id": "no-exp-enchanting-reimagined",
	"version": "${version}",
	"name": "No EXP Enchanting Reimagined",
	"description": "This is an example description! Tell everyone what your mod is about!",
	"authors": [
		"Me!"
	],
	"contact": {
		"homepage": "https://fabricmc.net/",
		"sources": "https://github.com/FabricMC/fabric-example-mod"
	},
	"license": "CC0-1.0",
	"icon": "assets/no-exp-enchanting-reimagined/icon.png",
	"environment": "*",
	"entrypoints": {
		"main": [
			"com.multibana.enchantingreimagined.NoEXPEnchantingReimagined"
		],
		"client": [
			"com.multibana.enchantingreimagined.NoEXPEnchantingReimaginedClient"
		]
	},
	"mixins": [
		"no-exp-enchanting-reimagined.mixins.json",
		{
			"config": "no-exp-enchanting-reimagined.client.mixins.json",
			"environment": "client"
		}
	],
	"depends": {
		"fabricloader": ">=0.15.7",
		"minecraft": "~1.20.1",
		"java": ">=17",
		"fabric-api": "*"
	},
	"suggests": {
		"another-mod": "*"
	}
}